	name	count
181	NETGEAR	8272
537	TEAM	8272
790	EMPTY	988
20	CUSTOMER	63
584	AMAZON	63
83	A	32
354	COMPUTIM	30
175	CDG	22
642	MICHAEL	20
532	AND	18
605	JOHN	17
49	IN	16
618	THE	16
232	MOSES	16
694	EDWARD	14
67	LONEWOLFFE	14
132	DAVID	13
711	FAJA4X	12
837	WELCH	12
643	RICHARD	11
835	ROBERT	11
703	JESSE	11
794	THOMAS	10
507	BAMMI	10
164	JIM	10
401	MEBOO	10
8	SCOTT	9
560	JASON	9
734	MITTELSTAEDT	9
894	ERIC	9
818	BILLY	9
770	KRISTOPHER	9
892	STEVE	9
891	KEVIN	9
833	CHRIS	8
633	MORALES	8
867	STYKHEAD	8
29	MARK	8
763	ALLMON	8
781	YEN	8
255	JUSTIN	8
184	MCLEAN	8
397	REVIEWS	7
414	WILLIAM	7
724	TIME	7
482	TROY	7
758	SPARE	7
557	TECHPATRIOT	7
202	POULSEN	7
341	JR	7
568	CHRISTOPHER	7
277	ELIAS	7
128	JOE	7
476	ADAPTDABULL	7
350	JBTRIPLETS	6
610	KIM	6
407	ANYA	6
432	CURRY	6
312	SANDERS	6
420	FALCON	6
208	WHOA_BUCKEY	6
267	TOM	6
779	NGUYEN	6
556	MYSTIC	6
465	RFRANCOI	6
322	OPTI	6
718	NELSON	6
715	DONALD	6
500	MPROVD	6
31	SOLARBUDDY	6
51	WINGS	6
2	DST	6
369	RAJ	6
877	FUNWITHAJ	6
672	BEE	5
807	DANIEL	5
440	SEBESTA	5
756	GUILTY	5
103	OF	5
162	AMAZONIAN	5
528	JONES	5
17	JAMES	5
689	SENSE	5
741	NO	5
144	STEPHEN	5
4	HAVARD	5
727	ONDI	5
122	KEENER	5
298	JAY	5
641	JEFFREY	5
188	VACUUMTUBEJAZZPRO	5
624	SEDONAMAN	5
466	TRAVIS	5
882	PHAE	5
579	JAKE	5
692	KINGJAMES1800	4
598	NATHAN	4
544	POLAR	4
880	NYTURU	4
583	PERRY	4
629	NICK	4
843	TELECASTER	4
604	XEV	4
216	MATTHEW	4
301	MAGSTAR	4
700	SHOWQUEST	4
135	SPOTCATBUG	4
460	ENTANGLED	4
5	EL	4
668	LAKE	4
179	GARY	4
237	JON	4
160	SBJ400	4
871	USER	4
869	PCKARMA112	4
893	PK	4
652	RODRIGUEZ	4
28	LOVE	4
169	MAGNIFICO	4
380	DOG	4
373	FURLOW	4
356	BW	4
372	JABJAB12	4
288	HIPSTERS	4
134	TOMAS	4
687	KHURRAM	4
716	BRENT	4
720	I1	4
403	NORMAN	4
766	MPTEXAS	4
775	BAO	4
409	COLBURN	4
801	PATRICIA	4
395	BARRY	4
79	SCHWARTZ	4
393	BLUEGOOSE	4
723	LAUGHTER	4
487	REINOEHL	4
327	CYRUS	4
791	LIGHT	4
885	BAY	3
363	JF	3
3	ROGER	3
806	TODD	3
771	JC	3
538	SAM	3
626	JAN	3
75	J.ME	3
444	I	3
888	OL	3
804	SHOPPER	3
284	BRADLEY	3
798	HAROLD	3
475	ELUDIUM-Q36	3
193	MIKE	3
194	GUNN	3
464	BOB	3
326	DRAKE	3
592	LOVELL	3
575	ST	3
320	DECRISTO	3
879	SEAN	3
78	BILLSKI	3
23	MICKISUE	3
229	DENISE	3
574	KEITH	3
280	E'S	3
73	DIROCCO	3
81	CABADING	3
510	FLORIDADRAFTER	3
800	PETER	3
226	ADAM	3
198	LAOJIM	3
543	BUNNELL	3
35	SUSIE	3
714	WINSTON	3
695	ETYRNAL	3
149	JERICACADMAN	3
682	MR	3
427	HEATHER	3
223	918	3
817	E.C	3
305	TATE	3
245	BENNY	3
478	SIRYAK	3
732	BF	3
697	JCR	3
761	LANGEVIN	3
378	GARRETT	3
244	LOCAL	3
124	SKYLER	3
333	RODRIGUEZ-SUAREZ	3
836	LP	3
242	MUNTER2	3
708	WC	3
834	TAMPA	3
479	L_AZ	3
744	EPHONE	3
429	GADGETMAN	3
526	CHARLES	3
745	LEE	3
376	ASHLEY	3
336	K&AMP;R	3
170	TYLER	3
488	KEN	3
644	MUMBLES	3
56	JB	3
755	LARRY	3
754	GONZALEZ	3
852	SD	3
352	PETE	3
324	PLACE	3
261	JENNY	3
660	KRISTIN	3
663	DEBBIEK	3
158	AZUREGLOW	3
106	PATRICK	3
515	MORRIS	3
108	ROBIN	3
490	ALLENINSONOMA	2
489	RAJEN	2
359	ROSSMAN	2
473	FERGUSON	2
391	RABUN	2
469	CHUCK	2
421	JEAN-PAUL	2
389	HUNTER	2
398	SEEKER	2
399	KAWCZYNSKI	2
400	TIM	2
388	ALEXKENNY	2
405	JOEL	2
387	BAZURTO	2
410	EVDOKIMOV	2
411	POPPAHOTEL	2
417	BUSMAN	2
385	DCC	2
382	BEARCUB	2
492	MEW	2
419	CASTEEL	2
431	TO	2
468	MAMABEAR007	2
377	JANS	2
433	AKRAM	2
435	TOTMAN	2
439	PONDER	2
442	JOHNSON	2
443	GRADYMAN	2
450	QUALITY	2
451	JWINK	2
453	DIANA	2
455	CINDY	2
461	TECHTESTING	2
462	STIG	2
463	MCMANUS	2
367	BEEZSTUDIO	2
438	DAVE	2
0	DENNIS	2
501	INDIECDS	2
799	SCOTT_123	2
795	ADDICTED	2
789	STEPHAN	2
788	WILLIE	2
785	END	2
782	O-G	2
778	GRACE	2
776	CAMACHO	2
773	MEADOWS	2
768	10	2
767	MUTH	2
764	BROWN	2
762	NEW	2
760	A.TARGET	2
752	D.PUGLISI	2
751	TINTIN	2
749	HANISH22	2
743	ALLAMERICANALIENBOY	2
742	CBERG	2
737	CHAMBOLLE	2
797	BRIANS	2
802	CLUB	2
502	SARSFIELD	2
810	MICHALEC	2
895	EDDY	2
889	JOSH	2
887	BAKER	2
886	MBAIR	2
881	CONCERNED	2
875	JOSEPH	2
866	TURBOSHOPPER	2
862	RICARDO	2
861	JOY	2
860	NORMAND	2
857	RIVER	2
851	ALFA	2
841	ZG	2
840	CONNOR	2
824	SKI	2
823	SUBLIMETXN	2
819	SULLIVAN	2
815	AN	2
814	DALE	2
735	REMIS	2
704	VILLA	2
702	CALDER	2
699	K.HOPSON	2
591	FRITZ	2
590	RUGGIERO	2
585	BROCKWAY	2
581	YOLANDER	2
576	WALLACE	2
572	TONY	2
567	MRRIGHT	2
566	MARVIN	2
565	PHOTOTGGUY	2
548	TRISPED	2
542	PRISCILLA	2
539	D'ADDARIO	2
529	BERT	2
521	DIAMOND	2
519	GILDIG	2
517	GARCIA	2
516	AL	2
514	ZORNES	2
511	HARMON	2
601	RUSSELL	2
606	ZUNIGA	2
612	JENNIFER	2
656	RUDY	2
693	ANONYMOUS	2
683	BECK	2
673	CES2601	2
671	57STRAT	2
670	MAYER	2
669	VIR	2
666	SWICKARD	2
664	REYBO	2
653	VIEW	2
614	TWRUDY00	2
647	REGINA	2
637	ERIK	2
631	MIKEY94025	2
628	RICK	2
622	EPMD	2
621	WUTZ	2
616	VOLLAN	2
615	LIAM	2
639	GC3	2
898	SNOH8R	2
167	DOSMASTR	2
121	BELCZYNSKI	2
65	ROSE	2
64	FIRST	2
225	ROB	2
224	TGODKIN	2
123	BONEA	2
281	IDDAND	2
283	04	2
221	SHASHI	2
218	BILL	2
286	LOEB	2
292	ALHINNAWI	2
213	HODILL	2
295	FROM	2
296	NATONATOBOOKS	2
138	WHAT2BE	2
297	GUILLAUME	2
211	SERGEY	2
209	KTUCKER	2
302	KINDLE	2
43	SPINNINGLARA	2
205	MOM	2
40	GUY	2
308	TOY	2
66	TERREL	2
271	CREDO	2
147	LOU	2
268	BOBBY	2
105	DYNASTY	2
102	MAGNUSON	2
247	EUPHORIT	2
100	STEPHANIE	2
107	QUILT4YOU	2
97	ROSS	2
252	REVERE	2
110	QUAZ59	2
94	RYAN	2
238	ONE	2
93	ORDERS	2
92	MORPHEUS	2
111	WU	2
256	WOODMEISTER	2
236	CSGLINUX	2
258	STAN	2
84	YE	2
82	PANDYA	2
80	ANONYMOUSLY	2
263	GRAHAM	2
265	JACK	2
76	PHALANGIE	2
266	TDUCK	2
310	JT73	2
48	HUESGOLD	2
243	JACQUES	2
176	GOOD	2
178	JUDY	2
192	WENDY	2
325	SKIRGE	2
161	PITT	2
195	THEGBGIRL	2
323	GIOVANNI	2
151	SAVVY	2
190	WARREN	2
154	HEINTZR57	2
163	JAGUARXT	2
16	FEINBERG	2
15	VETERAN	2
189	GVAZ	2
24	MCNERNEY	2
19	BENATAR	2
186	MCNAIR	2
197	LINDNER	2
348	PAYNE	2
317	THEPIRATEMORGAN	2
10	MOEN	2
159	SLUSHY	2
331	B-V	2
11	CHANNING	2
120	MERCYCUBED	1
659	MELISSA	1
119	SOUTHERN	1
117	FIT	1
731	PARK	1
661	GREENCHIPPER	1
730	JD	1
725	ERNIE	1
726	ABONDSERVANT	1
729	DAYLIFE	1
728	CARL	1
662	CUNHA	1
733	LORENZO	1
118	FISHER	1
114	SPILBERG	1
116	NEWKIRK	1
165	RENEGADE	1
648	FLORANTE	1
649	SUNSHINE	1
650	PARTICULAR	1
750	SORENSON	1
651	THAT	1
166	WALT	1
748	WONG	1
747	DAVEB	1
746	VIGOD	1
109	VIK	1
654	MEHTA	1
658	VICTOR	1
655	GOVINDARAJAN	1
112	HAPPY	1
657	ALEXANDER	1
113	WEI	1
740	PLUMB	1
739	PROFOUND	1
738	LUDESPEED	1
157	RICHARDSON	1
736	THERE	1
115	YOUR	1
722	GUS	1
681	PH.D	1
721	LUCK	1
691	STUDENT	1
674	BRUNO	1
698	PJD	1
139	BACON	1
675	IRFAN	1
696	PRO	1
140	FISK	1
141	KLIER	1
142	CONSUMERISM	1
676	BEEN	1
143	JORDAN	1
690	KATHY	1
137	WII	1
145	LEEDS	1
688	PAUL	1
146	MARIE	1
677	INTREPID	1
678	SPECIALIST	1
686	GERRIT	1
685	BM	1
679	DANIELLE	1
684	FLAZER	1
680	FOX	1
150	AVERY	1
104	TONKINESE	1
719	NOBODY	1
129	MANTION	1
665	HALL	1
156	KUNIG	1
148	HUA	1
155	SPARKS	1
717	HARV	1
125	A.ANDERSON	1
126	PELAYO	1
127	OLIVEIRA	1
713	MYSELF	1
712	AM	1
710	ABANDONEDBRAIN	1
701	GORDON	1
153	DOC	1
709	KATHRINE	1
130	JUANSONLING	1
707	SKIES	1
706	MARCOS	1
705	MANCINI	1
131	KNUTSON	1
133	R.H	1
152	GORDO	1
136	LA	1
667	BRETT	1
349	WINECHICK	1
753	VEDIC	1
847	CAMEL	1
36	DRAWERS	1
859	FORD	1
858	ROOM	1
37	VERIFIED	1
856	GREGORY	1
855	MACCENTRIC	1
854	SURFERGIRL	1
853	GARZA	1
38	EDITORNADO	1
39	2WHEELTRAVLR	1
850	JOLLY	1
849	KEEL	1
848	MANGY	1
846	BARKER	1
101	BL	1
845	EBRAKESPIN	1
844	POINDEXTER	1
842	OZGA	1
41	LOCK	1
42	BOLTE	1
839	ROLAND	1
838	KSAR	1
44	LUIS	1
45	RED	1
46	HALLFIRE	1
47	JAVIER	1
832	BOBKAT	1
831	SATOSHI	1
34	EDWARDS	1
33	WILL	1
863	DAVECALIFORNIA	1
864	HEINZ	1
897	KIMBERLY	1
896	TAIBI	1
6	TIRRA	1
7	DPZ	1
9	DARRIN	1
890	SIDE	1
12	WOWWAYMAN1	1
13	DARK	1
14	ROSENBAUM	1
884	WAINBLAT	1
883	HYPERION	1
18	COHANE	1
21	IMAM	1
22	DROOPY	1
878	VAMSHIDHAR	1
876	JACOBSON	1
25	RON	1
874	CRAIG	1
873	GAMER	1
872	CUI	1
26	ASP	1
870	HORWITZ	1
27	LAM	1
868	MII	1
30	THEW83	1
32	EDGAR	1
865	LUNA	1
830	BOBTHEHUMAN	1
829	SMILEY_DAVE	1
828	REVIEWER	1
793	TARA	1
71	ERICSUN	1
72	HAMILTON	1
74	MCHOUSE	1
787	HARRISON	1
786	DALLAGO	1
77	DEERJEFF	1
784	HEARTWELL	1
783	WILDCAT	1
780	GENE	1
85	LANZA	1
777	JOEKC	1
86	DC	1
87	KENNETH	1
774	HARVEY	1
88	DAVIS	1
772	FERNANDO	1
646	DON	1
90	WALTER	1
769	CAHN	1
91	BREWMAJ	1
765	VITALUNA63	1
95	DEMERS	1
96	MEDDY	1
98	DEVLIN	1
759	KOOK	1
99	SMUGGY_MBA	1
757	ADELE	1
792	MIRANDA	1
70	AFFAIRS	1
827	LIU	1
69	BRUSSE	1
826	JMAT	1
825	HB2	1
50	LLD	1
822	CAPT'N	1
821	RAT	1
820	SAMET	1
52	STEVEG	1
53	MANDRYKE	1
54	SEMION	1
816	ALLEN	1
55	GNV	1
57	GP	1
813	HELMY	1
812	MATT	1
811	HOEY	1
58	15CAMARO	1
809	KIRK	1
808	SKELTON	1
59	TRAZ	1
60	CR	1
805	CLICK	1
61	SEARLE	1
803	OHIO	1
62	ELLIS	1
63	BARNES	1
68	FAUGL	1
796	MAX	1
89	4PERKS	1
185	GEORGE	1
645	STUMPEDI	1
291	EX	1
454	BN	1
282	WOODS	1
452	ADAMS	1
285	BENDER	1
1	GANG	1
448	MUNOZ	1
447	MY	1
446	EB	1
445	SMITH	1
287	ELEDIUM	1
289	CRAWFORD	1
441	JACOBY	1
290	AU	1
437	NEEDINGKNITTLES	1
457	ESPENSCHIED	1
436	AFG	1
293	FORRESTER	1
434	DARKEV	1
294	BBMAX50	1
430	YELNOC	1
428	CHUNG	1
299	MARKY	1
426	MARCUS	1
425	LAH	1
424	JIROCZ	1
423	RONNAU	1
422	YENDAO42	1
300	SF	1
456	KENT	1
458	INDIO	1
495	LEVON	1
477	SASCHA	1
493	KNIGHT	1
257	NALLENDRAN	1
491	JW	1
259	GEEK	1
260	GERALD	1
262	ASTROLOGER	1
486	BEARSKIN10	1
485	MONKEY1509	1
484	PROXCON	1
483	DANTHEHOCKEYMAN	1
481	RIVERS8	1
480	SCALZO	1
264	LAURA	1
474	ENGLISHMAN	1
459	GREENMAN	1
269	INFORMED	1
472	TRIBBY	1
471	CAT	1
470	JOYNER	1
270	GYM	1
467	BUZZ	1
272	HOAG	1
273	RYLES	1
274	WROTH	1
275	COLONEL	1
276	COOKER	1
278	MULLIGAN	1
279	GO	1
303	NM	1
418	TOWN	1
304	BOOK	1
365	MRDJMAN	1
334	ZENG	1
335	NOTMYREALNAME	1
337	RHONDA	1
375	DONAHUE	1
374	POTTER	1
338	JI	1
339	T-BONE	1
371	LUN	1
370	JSMITH	1
340	TJ	1
368	IRISH003	1
342	COACH7811	1
366	DMERGE	1
364	PURCELL	1
416	KARIM	1
343	ENCHANTED	1
362	KEAGAN	1
361	JOEY	1
360	SKIBUMM	1
344	LOVER	1
358	LARS	1
357	LISA	1
345	BRANDON	1
355	ORANGE	1
346	RAYESS	1
353	SIMPSON	1
347	MD	1
351	ALAN	1
379	BALBOA	1
332	ERNEST	1
381	YORK	1
383	KYLE	1
415	LUCO	1
306	MENDOZA	1
413	HOLLAR	1
412	LOWER	1
307	MASTER	1
309	CHANNELEDBYMODEM	1
408	SHERRY	1
406	CHRISTIAN	1
311	DB66	1
404	JONIKA	1
313	M.R	1
402	GROVE	1
314	BAXTER	1
315	ANDYNY	1
316	THAPROFESSOR	1
318	THELYNX	1
396	BENSON	1
319	SAMMY	1
394	TED	1
321	THALER	1
392	YEH	1
390	RAMSEY	1
328	TIKI	1
329	RANDOMNESS	1
386	ANDY	1
330	JMP100	1
384	TOUR	1
494	JEFF	1
496	STANLEY	1
168	DE	1
588	DONA	1
602	OAKLAND	1
201	SHARPER	1
600	KOJIMA	1
599	BRADY	1
203	DB62	1
597	ORMAN	1
596	VIRGIN	1
595	DJA0216	1
594	NATTY	1
593	FINANCIAL	1
204	DM1969	1
206	HUSBAND	1
589	QUINN	1
587	ZDON	1
200	SWARTZ	1
586	JMX2	1
207	MARTIN	1
210	LOMERU	1
582	WILLIAMS	1
580	ALLAN	1
212	DIY	1
578	DIRK	1
577	SINGH	1
214	MN	1
215	NEVE	1
573	DOUGLAS	1
217	TRACY	1
571	KNAVE	1
603	ZAUROV	1
199	NARG	1
497	LUCKEY	1
182	SHAW	1
171	RODGERS	1
172	BRUCE	1
173	HARRINGTON	1
640	TRAN	1
174	BRAD	1
638	VIVEK	1
636	RI	1
635	JONATHAN	1
634	KERRY	1
177	BUZZARD	1
632	ZUM	1
630	RIRATAJ	1
180	DENIS	1
627	HARPER	1
607	CAMPBELL	1
183	RTC	1
625	LIN	1
623	JEFFROW1983	1
187	HALEAMAU	1
620	LENGUSHEYAL	1
619	GEEBEE	1
617	TIMOTHY	1
191	LES	1
613	DIRECTOR	1
611	DANISH	1
196	BUTCH	1
609	ZAMIM	1
608	BENJAMIN	1
570	PHIL	1
569	YOUNG	1
219	HOPSON	1
249	ARMCO	1
530	DANNY	1
239	VI	1
527	JUNKIE	1
240	WALKER	1
525	FLETCHER	1
524	SQUUIID	1
523	SMALL	1
522	CHEN	1
241	STEVEN	1
520	REYREY1332	1
518	GUIDE	1
246	NY	1
248	GILMORE	1
513	FARROW	1
220	ALEX	1
512	HYPOKONDRIAK	1
250	SHAUN	1
251	TONYD	1
509	FRED	1
508	PHILLIPS	1
506	GENEVA	1
505	TAYLOR	1
504	PEASE	1
503	PETERSON	1
253	FUTURE	1
254	JMIL	1
499	HERE	1
498	PETALSCHICAGO	1
531	FLACK	1
533	SHENG	1
534	SANJAY	1
535	LMT1022	1
564	LEVIATHAN55	1
563	PACNW	1
562	GAMERX	1
561	IPOCK	1
222	SAILOR	1
559	GERVASI	1
558	ADIFFERENTVIEW	1
555	JAMAR	1
554	MOSTLY	1
553	R.T.3	1
552	BRUSHCUT	1
551	REBK	1
550	TUSK	1
549	RUSS	1
227	KNABE	1
547	DOPLAR	1
546	AMANOOENSIS	1
545	RCD	1
228	WERRY	1
230	BEHM	1
231	RUSKIN	1
541	AUSTIN	1
540	OMAQUAL	1
233	URBAN	1
234	SKIP	1
235	POURHOMME80	1
536	LINUX	1
449	JJSHARPE	1
