	name	count
70	TEAM	8272
407	NETGEAR	8272
808	EMPTY	988
690	AMAZON	63
710	CUSTOMER	63
184	COMPUTIM	30
428	CDG	22
578	MICHAEL	20
207	JOHN	17
223	MOSES	16
537	LONEWOLFFE	14
752	EDWARD	14
193	DAVID	13
419	WELCH	12
854	FAJA4X	12
803	ROBERT	11
377	RICHARD	11
856	JESSE	11
52	THOMAS	10
402	BAMMI	10
178	MEBOO	10
868	JIM	10
421	ERIC	9
625	KRISTOPHER	9
123	STEVE	9
233	SCOTT	9
289	JASON	9
556	MITTELSTAEDT	9
681	KEVIN	9
337	BILLY	9
641	YEN	8
814	JUSTIN	8
809	MARK	8
424	MCLEAN	8
488	CHRIS	8
867	ALLMON	8
246	MORALES	8
490	STYKHEAD	8
782	SPARE	7
485	REVIEWS	7
723	JOE	7
675	TECHPATRIOT	7
471	JR	7
487	ADAPTDABULL	7
162	TIME	7
16	TROY	7
603	WILLIAM	7
379	ELIAS	7
279	POULSEN	7
286	CHRISTOPHER	7
164	MYSTIC	6
555	SANDERS	6
202	WHOA_BUCKEY	6
320	JBTRIPLETS	6
72	RFRANCOI	6
634	DONALD	6
830	CURRY	6
514	RAJ	6
530	DST	6
118	FUNWITHAJ	6
216	OPTI	6
608	SOLARBUDDY	6
571	FALCON	6
704	ANYA	6
655	MPROVD	6
533	KIM	6
397	WINGS	6
642	TOM	6
143	NELSON	6
316	NGUYEN	6
74	STEPHEN	5
474	HAVARD	5
482	PHAE	5
564	SEBESTA	5
335	JAKE	5
795	JAMES	5
131	DANIEL	5
855	JEFFREY	5
737	VACUUMTUBEJAZZPRO	5
460	SENSE	5
751	TRAVIS	5
381	SEDONAMAN	5
75	JONES	5
796	GUILTY	5
262	KEENER	5
433	AMAZONIAN	5
646	JAY	5
443	ONDI	5
314	BEE	5
222	PK	4
137	LIGHT	4
599	LAUGHTER	4
570	TELECASTER	4
526	MAGSTAR	4
108	ENTANGLED	4
535	BARRY	4
153	POLAR	4
220	SBJ400	4
611	LOVE	4
497	TOMAS	4
323	PERRY	4
203	BW	4
519	FURLOW	4
688	SCHWARTZ	4
161	NATHAN	4
700	MPTEXAS	4
734	NORMAN	4
383	GARY	4
42	NYTURU	4
806	SPOTCATBUG	4
372	BRENT	4
49	PATRICIA	4
706	HIPSTERS	4
775	MATTHEW	4
432	RODRIGUEZ	4
260	REINOEHL	4
300	JON	4
447	NICK	4
448	I1	4
67	PCKARMA112	4
32	EL	4
452	USER	4
858	XEV	4
731	BLUEGOOSE	4
17	COLBURN	4
583	BAO	4
341	KHURRAM	4
243	MAGNIFICO	4
467	JABJAB12	4
9	CYRUS	4
721	KINGJAMES1800	4
466	SHOWQUEST	4
343	J.ME	3
331	ETYRNAL	3
376	LARRY	3
374	SD	3
577	WC	3
170	JERICACADMAN	3
557	GUNN	3
569	L_AZ	3
575	SIRYAK	3
302	BAY	3
358	ADAM	3
354	AZUREGLOW	3
288	LEE	3
425	JAN	3
382	JF	3
540	KEITH	3
481	FLORIDADRAFTER	3
472	LANGEVIN	3
240	ROGER	3
493	MUMBLES	3
465	E.C	3
214	JC	3
500	E'S	3
503	OL	3
456	JENNY	3
248	WINSTON	3
249	ASHLEY	3
198	TYLER	3
197	PLACE	3
256	SHOPPER	3
271	JCR	3
273	DIROCCO	3
538	LOVELL	3
244	RODRIGUEZ-SUAREZ	3
869	BOB	3
166	TAMPA	3
105	GADGETMAN	3
71	DRAKE	3
741	BENNY	3
724	PATRICK	3
91	MORRIS	3
713	HEATHER	3
95	ELUDIUM-Q36	3
687	PETE	3
759	MUNTER2	3
682	MICKISUE	3
110	SKYLER	3
677	JB	3
674	GARRETT	3
114	TATE	3
670	BF	3
757	918	3
761	SAM	3
659	ST	3
834	CABADING	3
3	GONZALEZ	3
859	SEAN	3
10	LAOJIM	3
11	KRISTIN	3
847	DEBBIEK	3
23	EPHONE	3
828	DECRISTO	3
765	K&AMP;R	3
35	MR	3
39	BRADLEY	3
44	CHARLES	3
53	LOCAL	3
772	KEN	3
766	HAROLD	3
121	LP	3
728	BUNNELL	3
657	MIKE	3
602	PETER	3
624	ROBIN	3
652	DENISE	3
139	TODD	3
640	BILLSKI	3
618	SUSIE	3
665	SULLIVAN	2
817	MUTH	2
818	HARMON	2
819	WHAT2BE	2
826	REGINA	2
378	WU	2
606	ROSE	2
829	BONEA	2
833	JOSEPH	2
568	KTUCKER	2
610	CONCERNED	2
813	57STRAT	2
386	VIR	2
816	THEPIRATEMORGAN	2
400	GIOVANNI	2
401	PRISCILLA	2
616	SKI	2
413	GARCIA	2
800	TOY	2
793	DYNASTY	2
792	BEEZSTUDIO	2
420	HEINTZR57	2
787	CREDO	2
781	MORPHEUS	2
835	BILL	2
369	STEPHAN	2
371	ERIK	2
370	CALDER	2
591	ALLENINSONOMA	2
330	THEGBGIRL	2
863	PHALANGIE	2
860	JT73	2
592	AKRAM	2
594	JOEL	2
596	WILLIE	2
600	STEPHANIE	2
843	FERGUSON	2
344	SAVVY	2
345	10	2
346	MCNERNEY	2
347	ZG	2
349	BOBBY	2
841	AL	2
355	VETERAN	2
357	CLUB	2
840	ALHINNAWI	2
839	SERGEY	2
361	TINTIN	2
836	BRIANS	2
364	STIG	2
367	DIAMOND	2
368	YE	2
774	ORDERS	2
426	RICK	2
554	MOM	2
429	IDDAND	2
473	JOY	2
711	WARREN	2
476	MRRIGHT	2
479	ZUNIGA	2
480	LIAM	2
709	RABUN	2
483	MAGNUSON	2
484	BROWN	2
708	KAWCZYNSKI	2
705	ANONYMOUS	2
639	WALLACE	2
648	HANISH22	2
529	CINDY	2
489	ADDICTED	2
649	DCC	2
651	JAGUARXT	2
495	PITT	2
669	BEARCUB	2
668	ROSSMAN	2
502	SPINNINGLARA	2
667	DIANA	2
504	JUDY	2
505	04	2
666	CHANNING	2
509	RYAN	2
513	CSGLINUX	2
631	TIM	2
715	D'ADDARIO	2
773	MAMABEAR007	2
630	K.HOPSON	2
516	SKIRGE	2
771	QUILT4YOU	2
767	TDUCK	2
434	TONY	2
439	WOODMEISTER	2
553	SCOTT_123	2
552	MCMANUS	2
626	REVERE	2
550	JOHNSON	2
451	BERT	2
549	ALLAMERICANALIENBOY	2
453	STAN	2
455	EDDY	2
755	MARVIN	2
547	BELCZYNSKI	2
754	DAVE	2
750	TECHTESTING	2
543	GRACE	2
585	HODILL	2
725	LINDNER	2
463	YOLANDER	2
627	BAKER	2
719	SWICKARD	2
718	O-G	2
717	WUTZ	2
324	RAJEN	2
0	ALFA	2
435	PANDYA	2
63	MICHALEC	2
104	CAMACHO	2
60	FEINBERG	2
59	POPPAHOTEL	2
58	D.PUGLISI	2
189	FIRST	2
264	BENATAR	2
265	B-V	2
269	TERREL	2
185	VIEW	2
183	BAZURTO	2
112	JANS	2
51	ANONYMOUSLY	2
180	CHAMBOLLE	2
48	JACK	2
177	GC3	2
176	SHASHI	2
41	QUALITY	2
173	KINDLE	2
124	GUILLAUME	2
36	JEAN-PAUL	2
34	MBAIR	2
125	GVAZ	2
126	DOSMASTR	2
282	RUSSELL	2
283	TOTMAN	2
257	CASTEEL	2
64	GRADYMAN	2
128	GILDIG	2
195	VILLA	2
85	MAYER	2
83	PONDER	2
218	REMIS	2
89	ROSS	2
221	WENDY	2
211	MEADOWS	2
208	EVDOKIMOV	2
227	TGODKIN	2
228	NORMAND	2
92	BECK	2
230	TWRUDY00	2
80	NATONATOBOOKS	2
206	RICARDO	2
235	SLUSHY	2
96	JOSH	2
237	QUAZ59	2
147	INDIECDS	2
205	FRITZ	2
98	PAYNE	2
239	LOU	2
99	CES2601	2
242	JWINK	2
69	EUPHORIT	2
199	DENNIS	2
66	LOEB	2
127	SARSFIELD	2
47	DALE	2
86	HUESGOLD	2
145	MIKEY94025	2
7	CHUCK	2
315	SUBLIMETXN	2
142	CONNOR	2
151	ALEXKENNY	2
24	TRISPED	2
152	PHOTOTGGUY	2
163	JACQUES	2
311	ZORNES	2
301	MOEN	2
141	BUSMAN	2
154	RUDY	2
21	GRAHAM	2
136	JENNIFER	2
303	GUY	2
18	REYBO	2
30	CBERG	2
307	RUGGIERO	2
6	MEW	2
13	END	2
15	VOLLAN	2
129	TURBOSHOPPER	2
146	ROB	2
292	HUNTER	2
293	SEEKER	2
319	SNOH8R	2
2	MCNAIR	2
294	EPMD	2
318	BROCKWAY	2
295	A.TARGET	2
696	DB66	1
701	BREWMAJ	1
694	HAMILTON	1
633	BEARSKIN10	1
102	TIKI	1
720	SKELTON	1
699	FIT	1
140	GENE	1
695	LAURA	1
698	JAVIER	1
632	PAUL	1
620	DALLAGO	1
87	VIK	1
697	WROTH	1
88	IRFAN	1
144	ERNEST	1
702	TUSK	1
703	KEAGAN	1
714	2WHEELTRAVLR	1
93	LUDESPEED	1
712	PROXCON	1
94	DONA	1
716	EX	1
90	EDGAR	1
628	HALL	1
693	MOSTLY	1
623	SKIBUMM	1
97	KENNETH	1
629	FLORANTE	1
707	HELMY	1
622	RUSKIN	1
621	HALEAMAU	1
101	TARA	1
100	ZENG	1
650	SQUUIID	1
138	KARIM	1
664	WERRY	1
644	4PERKS	1
672	DB62	1
671	PARTICULAR	1
115	SIMPSON	1
116	THELYNX	1
117	ALAN	1
119	SASCHA	1
645	YOUNG	1
120	DE	1
122	DARRIN	1
663	PROFOUND	1
635	SANJAY	1
662	ALLAN	1
661	FARROW	1
660	SAILOR	1
658	PHIL	1
132	MATT	1
647	OHIO	1
656	GERVASI	1
130	HUA	1
654	EDITORNADO	1
653	MANCINI	1
722	BENDER	1
643	CHUNG	1
673	RANDOMNESS	1
133	DIY	1
692	PURCELL	1
691	DROOPY	1
103	DM1969	1
636	DOUGLAS	1
637	STANLEY	1
638	ADAMS	1
106	GREENMAN	1
686	POTTER	1
685	YELNOC	1
684	HEARTWELL	1
683	ASP	1
107	SKIES	1
109	BACON	1
680	STUMPEDI	1
679	ALEX	1
678	GILMORE	1
111	BRUSSE	1
135	JMAT	1
676	WII	1
134	TONKINESE	1
113	VAMSHIDHAR	1
689	KYLE	1
742	BRAD	1
84	DJA0216	1
726	KUNIG	1
27	SIDE	1
28	PJD	1
29	THEW83	1
827	MARTIN	1
825	VIRGIN	1
824	BENJAMIN	1
823	TAIBI	1
822	PRO	1
821	TAYLOR	1
820	JI	1
31	TOWN	1
33	WALT	1
815	KATHRINE	1
37	QUINN	1
38	KENT	1
812	JONIKA	1
811	GAMERX	1
810	R.T.3	1
40	GOVINDARAJAN	1
807	GERALD	1
43	DENIS	1
805	ZDON	1
804	SORENSON	1
45	GREENCHIPPER	1
802	COACH7811	1
801	CAHN	1
46	HARPER	1
831	ERICSUN	1
832	MEHTA	1
26	KNAVE	1
852	BENSON	1
4	LOMERU	1
866	LUN	1
865	DANNY	1
864	SPILBERG	1
5	GENEVA	1
862	JUNKIE	1
861	DANIELLE	1
8	WEI	1
857	POURHOMME80	1
12	CUNHA	1
14	AU	1
853	MELISSA	1
851	FLAZER	1
25	VI	1
850	PLUMB	1
849	CAMEL	1
848	GP	1
846	HOAG	1
845	JMX2	1
844	WALKER	1
842	LAM	1
19	DEMERS	1
20	DANTHEHOCKEYMAN	1
838	CUI	1
837	ANDY	1
22	RCD	1
799	OMAQUAL	1
798	LIU	1
797	HORWITZ	1
743	ESPENSCHIED	1
756	LOVER	1
73	CLICK	1
753	SAMMY	1
76	RAT	1
77	MIRANDA	1
78	JOYNER	1
749	NEEDINGKNITTLES	1
748	DMERGE	1
747	BOBTHEHUMAN	1
746	NOTMYREALNAME	1
745	SOUTHERN	1
744	LUIS	1
79	15CAMARO	1
758	OLIVEIRA	1
740	GERRIT	1
739	BRUSHCUT	1
738	URBAN	1
736	FLETCHER	1
735	DAVECALIFORNIA	1
81	SEMION	1
733	SMUGGY_MBA	1
732	LINUX	1
82	DIRECTOR	1
730	VIGOD	1
729	STEVEN	1
727	NEVE	1
68	MARCUS	1
760	MASTER	1
794	RUSS	1
780	SPECIALIST	1
50	NY	1
791	PEASE	1
790	BRETT	1
789	FORD	1
788	KEEL	1
54	STUDENT	1
786	BOLTE	1
785	FOX	1
784	LMT1022	1
783	JOEY	1
55	WOODS	1
56	GAMER	1
779	FERNANDO	1
65	ZAUROV	1
778	ANDYNY	1
777	RODGERS	1
776	MERCYCUBED	1
57	LENGUSHEYAL	1
61	GREGORY	1
770	GEEBEE	1
769	YEH	1
768	M.R	1
62	ELEDIUM	1
764	LOCK	1
763	LAH	1
762	BUZZ	1
619	BOBKAT	1
322	INDIO	1
617	ALLEN	1
415	PETERSON	1
431	RENEGADE	1
430	ADIFFERENTVIEW	1
427	LES	1
266	MD	1
267	FAUGL	1
268	DPZ	1
423	BEHM	1
422	YENDAO42	1
270	SF	1
272	JW	1
418	JOEKC	1
417	RIVERS8	1
416	JOLLY	1
414	DRAWERS	1
399	EDWARDS	1
274	ENCHANTED	1
412	BBMAX50	1
411	AVERY	1
410	KNUTSON	1
409	REYREY1332	1
408	MCHOUSE	1
275	JORDAN	1
406	BRADY	1
405	POINDEXTER	1
404	RICHARDSON	1
403	HYPOKONDRIAK	1
276	SUNSHINE	1
277	SHARPER	1
263	INTREPID	1
261	YORK	1
259	ROOM	1
1	DARK	1
464	NALLENDRAN	1
462	KOJIMA	1
461	KATHY	1
245	FRED	1
459	ARMCO	1
458	BRANDON	1
457	ORMAN	1
247	LEVON	1
250	THAPROFESSOR	1
454	GNV	1
251	WILLIAMS	1
252	RI	1
253	JAMAR	1
450	R.H	1
449	VITALUNA63	1
254	FISHER	1
255	SHAW	1
446	ORANGE	1
445	RAMSEY	1
444	INFORMED	1
442	IRISH003	1
441	SMITH	1
440	PARK	1
258	GYM	1
438	JJSHARPE	1
437	TRACY	1
436	LUCO	1
278	COLONEL	1
398	DARKEV	1
238	GUIDE	1
342	ZAMIM	1
304	MACCENTRIC	1
356	FISK	1
305	CHRISTIAN	1
306	GORDON	1
353	WILDCAT	1
352	LANZA	1
351	GANG	1
350	OAKLAND	1
348	HYPERION	1
308	JIROCZ	1
309	ENGLISHMAN	1
310	CAPT'N	1
312	GARZA	1
313	LUCKEY	1
280	ZUM	1
340	DAYLIFE	1
339	TRAN	1
338	HOPSON	1
336	SHERRY	1
317	LISA	1
334	GUS	1
333	JMIL	1
332	SATOSHI	1
329	DIRK	1
328	JD	1
327	JONATHAN	1
326	MANTION	1
325	GEORGE	1
359	AUSTIN	1
360	WONG	1
362	TJ	1
363	LLD	1
396	CHEN	1
395	TED	1
394	KIMBERLY	1
393	RON	1
392	HEINZ	1
391	CHANNELEDBYMODEM	1
390	DAVEB	1
389	PHILLIPS	1
388	JUANSONLING	1
387	RAYESS	1
281	NM	1
385	TRAZ	1
384	WAINBLAT	1
284	SHENG	1
380	ALEXANDER	1
285	MENDOZA	1
287	JEFFROW1983	1
290	WOWWAYMAN1	1
291	ADELE	1
375	EB	1
373	TOUR	1
296	BAXTER	1
297	CARL	1
298	HARRINGTON	1
366	BN	1
365	MANDRYKE	1
299	HB2	1
241	ASTROLOGER	1
468	CR	1
148	PACNW	1
566	CAMPBELL	1
580	RHONDA	1
579	PETALSCHICAGO	1
168	VERIFIED	1
169	BRUNO	1
576	IPOCK	1
171	THALER	1
574	FINANCIAL	1
573	EBRAKESPIN	1
572	NATTY	1
172	T-BONE	1
174	KERRY	1
175	GEEK	1
567	DANISH	1
565	DAVIS	1
545	BM	1
563	TIMOTHY	1
562	TONYD	1
561	BUZZARD	1
560	CONSUMERISM	1
559	JSMITH	1
558	SINGH	1
179	COOKER	1
181	BL	1
182	STEVEG	1
551	RIRATAJ	1
186	HALLFIRE	1
548	GORDO	1
187	NEWKIRK	1
581	HOEY	1
582	VICTOR	1
167	LUCK	1
584	MONKEY1509	1
615	HARVEY	1
614	ELLIS	1
613	KOOK	1
612	AMANOOENSIS	1
149	MN	1
150	DOPLAR	1
609	LOWER	1
607	ROLAND	1
605	GO	1
604	DEVLIN	1
155	HARRISON	1
601	NOBODY	1
156	VIVEK	1
157	DC	1
598	SWARTZ	1
597	LARS	1
321	VEDIC	1
595	BALBOA	1
159	FORRESTER	1
593	PH.D	1
160	KSAR	1
590	MII	1
589	MARKY	1
588	RYLES	1
587	OZGA	1
586	LUNA	1
165	MULLIGAN	1
546	HARV	1
544	CRAIG	1
469	TIRRA	1
491	REVIEWER	1
506	AFFAIRS	1
209	BOOK	1
210	NARG	1
501	MRDJMAN	1
212	JACOBY	1
499	TRIBBY	1
498	MEDDY	1
213	ERNIE	1
496	JMP100	1
215	COHANE	1
494	HOLLAR	1
217	GROVE	1
492	RONNAU	1
219	CAT	1
188	LA	1
224	SHAUN	1
486	MUNOZ	1
225	MAX	1
226	HAPPY	1
229	BARNES	1
231	SKIP	1
478	KNABE	1
477	JEFF	1
232	SEARLE	1
475	FLACK	1
234	DOC	1
236	DONAHUE	1
470	KIRK	1
507	BARKER	1
508	ABONDSERVANT	1
510	A.ANDERSON	1
511	SAMET	1
542	LEEDS	1
541	SURFERGIRL	1
539	MARCOS	1
190	JACOBSON	1
191	KNIGHT	1
536	WALTER	1
192	FUTURE	1
534	ROSENBAUM	1
194	MARIE	1
532	PELAYO	1
531	IMAM	1
196	SCALZO	1
528	REBK	1
527	LEVIATHAN55	1
525	LIN	1
524	SMILEY_DAVE	1
523	AFG	1
522	BRUCE	1
521	CRAWFORD	1
520	MANGY	1
200	SPARKS	1
518	WINECHICK	1
517	LORENZO	1
201	KLIER	1
515	DEERJEFF	1
204	BUTCH	1
512	RTC	1
158	ABANDONEDBRAIN	1
